{

    "metadata" :
    {
        "formatVersion" : 3.1,
        "sourceFile"    : "single-leaf.obj",
        "generatedBy"   : "OBJConverter",
        "vertices"      : 8,
        "faces"         : 3,
        "normals"       : 3,
        "colors"        : 1,
        "uvs"           : 0,
        "materials"     : 1
    },

    "scale" : 1.000000,

    "materials": [	{
	"DbgColor" : 15658734,
	"DbgIndex" : 0,
	"DbgName" : "leaves",
	"colorAmbient" : [0.249667, 0.249667, 0.249667],
	"colorDiffuse" : [0.247, 0.388, 0.114],
	"colorSpecular" : [0.5, 0.5, 0.5],
	"illumination" : 2,
	"opticalDensity" : 1.0,
	"specularCoef" : 92.156863,
	"transparency" : 1.0,
	"vertexColors" : "face"
	}],

    "vertices": [-0.059852,-0.048452,-0.101013,-0.122252,-0.035782,0.010337,0.054578,-0.010730,-0.127993,-0.006842,-0.044750,-0.153533,-0.085912,0.009438,0.098387,0.137308,0.049780,-0.050883,0.021888,0.058748,0.112987,0.121278,0.077739,0.049527],

    "morphTargets": [],

    "morphColors": [],

    "normals": [-0.3621,0.8815,-0.3032,-0.3621,0.8814,-0.3032,-0.3621,0.8814,-0.3033],

    "colors": [4088349],

    "uvs": [[]],

    "faces": [99,0,1,2,3,0,0,1,1,0,0,99,1,4,5,2,0,1,1,1,1,0,99,4,6,7,5,0,1,2,2,1,0]

}